procs,dtype,size,blocksize,time,gflops
4,Float32,8,4,0.011709834,1.457464441141238e-5
4,Float32,16,4,0.039333791,3.471146051834498e-5
4,Float64,8,4,0.005815791,2.934539199683528e-5
4,Float64,16,4,0.022347208,6.109637200912675e-5
